{"cameraMode":{"drawMode":0,"name":"Shaded","section":"Shading Mode"},"sceneLighting":true,"audioPlay":false,"sceneViewState":{"showFog":true,"showMaterialUpdate":true,"showSkybox":true,"showFlares":true,"showImageEffects":true,"showParticleSystems":true},"in2DMode":false,"pivot":{"x":29.535791397094728,"y":118.19678497314453,"z":62.71168899536133},"rotation":{"x":0.015715938061475755,"y":-0.9735025763511658,"z":0.07051676511764527,"w":0.21696990728378297},"size":10.0,"orthographic":false}